,month,state,City,POPESTIMATE2020,positive,negative
0,April,AK,Alaska,731158.0,8063.0,294877.0
1,April,AL,Alabama,4921532.0,116864.0,1030397.0
2,April,AR,Arkansas,3030522.0,49660.0,668405.0
3,April,AZ,Arizona,7421401.0,122295.0,1273359.0
4,April,CA,California,39368078.0,766011.0,7677813.0
5,April,CO,Colorado,5807719.0,251995.0,1020284.0
6,April,CT,Connecticut,3557006.0,439750.0,1098414.0
7,April,DC,District of Columbia,712816.0,67122.0,293640.0
8,April,DE,Delaware,986809.0,62103.0,326141.0
9,April,FL,Florida,21733312.0,599067.0,6037170.0
10,April,GA,Georgia,10710017.0,440078.0,1711240.0
11,April,HI,Hawaii,1407006.0,14303.0,598664.0
12,April,IA,Iowa,3163561.0,76971.0,590114.0
13,April,ID,Idaho,1826913.0,42656.0,425569.0
14,April,IL,Illinois,12587530.0,755393.0,3120699.0
15,April,IN,Indiana,6754953.0,273922.0,1267570.0
16,April,KS,Kansas,2913805.0,50691.0,439690.0
17,April,KY,Kentucky,4477251.0,66458.0,819330.0
18,April,LA,Louisiana,4645318.0,602396.0,2712953.0
19,April,MA,Massachusetts,6893574.0,932382.0,3475686.0
20,April,MD,Maryland,6055802.0,306220.0,1500033.0
21,April,ME,Maine,1350141.0,21566.0,351384.0
22,April,MI,Michigan,9966555.0,1007829.0,2547755.0
23,April,MN,Minnesota,5657342.0,85668.0,1293714.0
24,April,MO,Missouri,6151548.0,138221.0,1317616.0
25,April,MS,Mississippi,2966786.0,103843.0,977730.0
26,April,MT,Montana,1080577.0,11178.0,278435.0
27,April,NC,North Carolina,10600823.0,159553.0,1976917.0
28,April,ND,North Dakota,765309.0,13859.0,377916.0
29,April,NE,Nebraska,1937552.0,36382.0,353232.0
30,April,NH,New Hampshire,1366275.0,33527.0,348891.0
31,April,NJ,New Jersey,8882371.0,2086679.0,2306826.0
32,April,NM,New Mexico,2106319.0,46425.0,1036922.0
33,April,NV,Nevada,3138259.0,93333.0,734617.0
34,April,NY,New York,19336776.0,5999866.0,10064183.0
35,April,OH,Ohio,11693217.0,271328.0,2045067.0
36,April,OK,Oklahoma,3980783.0,64836.0,838780.0
37,April,OR,Oregon,4241507.0,48504.0,978615.0
38,April,PA,Pennsylvania,12783254.0,760690.0,3358557.0
39,April,RI,Rhode Island,1057125.0,122368.0,737243.0
40,April,SC,South Carolina,5218040.0,106727.0,907789.0
41,April,SD,South Dakota,892717.0,33888.0,277854.0
42,April,TN,Tennessee,6886834.0,182861.0,2542823.0
43,April,TX,Texas,29360759.0,450451.0,4524463.0
44,April,UT,Utah,3249879.0,78393.0,1791428.0
45,April,VA,Virginia,8590563.0,209291.0,1234856.0
46,April,VT,Vermont,623347.0,20692.0,268960.0
47,April,WA,Washington,7693612.0,341856.0,4270484.0
48,April,WI,Wisconsin,5832655.0,134267.0,1244921.0
49,April,WV,West Virginia,1784787.0,20017.0,608669.0
50,April,WY,Wyoming,582328.0,10676.0,172432.0
51,August,AK,Alaska,731158.0,128846.0,9170572.0
52,August,AL,Alabama,4921532.0,3314875.0,22782688.0
53,August,AR,Arkansas,3030522.0,1613808.0,17392351.0
54,August,AZ,Arizona,7421401.0,5922373.0,27617174.0
55,August,CA,California,39368078.0,18684239.0,282077851.0
56,August,CO,Colorado,5807719.0,1626720.0,17819687.0
57,August,CT,Connecticut,3557006.0,1582393.0,28427669.0
58,August,DC,District of Columbia,712816.0,405983.0,7076650.0
59,August,DE,Delaware,986809.0,500799.0,6008310.0
60,August,FL,Florida,21733312.0,17105204.0,112470532.0
61,August,GA,Georgia,10710017.0,7176522.0,54582697.0
62,August,HI,Hawaii,1407006.0,146147.0,4774790.0
63,August,IA,Iowa,3163561.0,1616965.0,15390662.0
64,August,ID,Idaho,1826913.0,820773.0,6003395.0
65,August,IL,Illinois,12587530.0,6398336.0,98377125.0
66,August,IN,Indiana,6754953.0,2460312.0,25773823.0
67,August,KS,Kansas,2913805.0,1055247.0,9751157.0
68,August,KY,Kentucky,4477251.0,1199978.0,20727673.0
69,August,LA,Louisiana,4645318.0,4192769.0,46734032.0
70,August,MA,Massachusetts,6893574.0,3811743.0,41193097.0
71,August,MD,Maryland,6055802.0,3067094.0,32072110.0
72,August,ME,Maine,1350141.0,129306.0,6424361.0
73,August,MI,Michigan,9966555.0,3138256.0,68470710.0
74,August,MN,Minnesota,5657342.0,1997466.0,28731020.0
75,August,MO,Missouri,6151548.0,2050384.0,23951538.0
76,August,MS,Mississippi,2966786.0,2211250.0,13790927.0
77,August,MT,Montana,1080577.0,173329.0,6237364.0
78,August,NC,North Carolina,10600823.0,4454430.0,57258878.0
79,August,ND,North Dakota,765309.0,267476.0,5282714.0
80,August,NE,Nebraska,1937552.0,923009.0,8950157.0
81,August,NH,New Hampshire,1366275.0,214974.0,5509677.0
82,August,NJ,New Jersey,8882371.0,5791940.0,71026507.0
83,August,NM,New Mexico,2106319.0,717107.0,20037586.0
84,August,NV,Nevada,3138259.0,1854015.0,14949737.0
85,August,NY,New York,19336776.0,13163134.0,205897243.0
86,August,OH,Ohio,11693217.0,3311529.0,53504239.0
87,August,OK,Oklahoma,3980783.0,1470457.0,21910752.0
88,August,OR,Oregon,4241507.0,705079.0,14282060.0
89,August,PA,Pennsylvania,12783254.0,3816543.0,41086435.0
90,August,RI,Rhode Island,1057125.0,633464.0,6717213.0
91,August,SC,South Carolina,5218040.0,3248590.0,22860202.0
92,August,SD,South Dakota,892717.0,322248.0,3660777.0
93,August,TN,Tennessee,6886834.0,4056144.0,53757897.0
94,August,TX,Texas,29360759.0,16248590.0,118722123.0
95,August,UT,Utah,3249879.0,1430608.0,17114973.0
96,August,VA,Virginia,8590563.0,3259644.0,38718142.0
97,August,VT,Vermont,623347.0,46648.0,3369138.0
98,August,WA,Washington,7693612.0,2100626.0,37908654.0
99,August,WI,Wisconsin,5832655.0,2139731.0,32585463.0
100,August,WV,West Virginia,1784787.0,258914.0,10840777.0
101,August,WY,Wyoming,582328.0,101243.0,1840717.0
102,December,AK,Alaska,731158.0,197983.0,6076772.0
103,December,AL,Alabama,4921532.0,1551399.0,8417948.0
104,December,AR,Arkansas,3030522.0,979018.0,9497985.0
105,December,AZ,Arizona,7421401.0,2062357.0,11881041.0
106,December,CA,California,39368078.0,7546826.0,140032022.0
107,December,CO,Colorado,5807719.0,1468165.0,9407945.0
108,December,CT,Connecticut,3557006.0,739082.0,19524555.0
109,December,DC,District of Columbia,712816.0,132595.0,4154968.0
110,December,DE,Delaware,986809.0,223645.0,2373083.0
111,December,FL,Florida,21733312.0,6044442.0,38399684.0
112,December,GA,Georgia,10710017.0,2589712.0,23864467.0
113,December,HI,Hawaii,1407006.0,110658.0,1770918.0
114,December,IA,Iowa,3163561.0,1241677.0,5264501.0
115,December,ID,Idaho,1826913.0,625042.0,2359206.0
116,December,IL,Illinois,12587530.0,4523378.0,60577270.0
117,December,IN,Indiana,6754953.0,2136098.0,11397725.0
118,December,KS,Kansas,2913805.0,975604.0,4034353.0
119,December,KY,Kentucky,4477251.0,1131833.0,15129717.0
120,December,LA,Louisiana,4645318.0,1449921.0,19787372.0
121,December,MA,Massachusetts,6893574.0,1428891.0,19180218.0
122,December,MD,Maryland,6055802.0,1229834.0,13133008.0
123,December,ME,Maine,1350141.0,74466.0,5341644.0
124,December,MI,Michigan,9966555.0,2444968.0,38658084.0
125,December,MN,Minnesota,5657342.0,1986432.0,13562535.0
126,December,MO,Missouri,6151548.0,1849034.0,9174372.0
127,December,MS,Mississippi,2966786.0,948559.0,5894370.0
128,December,MT,Montana,1080577.0,388370.0,3645569.0
129,December,NC,North Carolina,10600823.0,2251818.0,30515621.0
130,December,ND,North Dakota,765309.0,484600.0,1637031.0
131,December,NE,Nebraska,1937552.0,788632.0,3735355.0
132,December,NH,New Hampshire,1366275.0,135845.0,2455374.0
133,December,NJ,New Jersey,8882371.0,2095067.0,35025841.0
134,December,NM,New Mexico,2106319.0,612130.0,9057048.0
135,December,NV,Nevada,3138259.0,951626.0,5051112.0
136,December,NY,New York,19336776.0,4023065.0,116371166.0
137,December,OH,Ohio,11693217.0,2660328.0,35198991.0
138,December,OK,Oklahoma,3980783.0,1225736.0,11822074.0
139,December,OR,Oregon,4241507.0,474188.0,11850370.0
140,December,PA,Pennsylvania,12783254.0,2300956.0,17295623.0
141,December,RI,Rhode Island,1057125.0,358630.0,2883228.0
142,December,SC,South Carolina,5218040.0,1335545.0,13455881.0
143,December,SD,South Dakota,892717.0,496629.0,1510490.0
144,December,TN,Tennessee,6886834.0,2317346.0,25486758.0
145,December,TX,Texas,29360759.0,7237710.0,59216038.0
146,December,UT,Utah,3249879.0,1224321.0,6968619.0
147,December,VA,Virginia,8590563.0,1463434.0,19063949.0
148,December,VT,Vermont,623347.0,27474.0,1346395.0
149,December,WA,Washington,7693612.0,1012004.0,16916336.0
150,December,WI,Wisconsin,5832655.0,2545684.0,13054987.0
151,December,WV,West Virginia,1784787.0,303334.0,6797108.0
152,December,WY,Wyoming,582328.0,208373.0,859937.0
153,February,FL,Florida,21733312.0,0.0,0.0
154,February,IN,Indiana,6754953.0,0.0,0.0
155,February,MA,Massachusetts,6893574.0,0.0,0.0
156,February,NE,Nebraska,1937552.0,0.0,0.0
157,February,NJ,New Jersey,8882371.0,0.0,0.0
158,February,VA,Virginia,8590563.0,0.0,0.0
159,February,WA,Washington,7693612.0,0.0,24.0
160,January,FL,Florida,21733312.0,256844.0,0.0
161,January,MA,Massachusetts,6893574.0,0.0,0.0
162,January,WA,Washington,7693612.0,0.0,0.0
163,July,AK,Alaska,731158.0,53702.0,5063238.0
164,July,AL,Alabama,4921532.0,1868658.0,15167614.0
165,July,AR,Arkansas,3030522.0,946094.0,11656682.0
166,July,AZ,Arizona,7421401.0,4008248.0,18919434.0
167,July,CA,California,39368078.0,10901396.0,173358760.0
168,July,CO,Colorado,5807719.0,1199607.0,12032199.0
169,July,CT,Connecticut,3557006.0,1480379.0,17932389.0
170,July,DC,District of Columbia,712816.0,343637.0,4004584.0
171,July,DE,Delaware,986809.0,406779.0,4139079.0
172,July,FL,Florida,21733312.0,9275189.0,77199955.0
173,July,GA,Georgia,10710017.0,4009572.0,32822199.0
174,July,HI,Hawaii,1407006.0,39689.0,3045243.0
175,July,IA,Iowa,3163561.0,1130635.0,11068350.0
176,July,ID,Idaho,1826913.0,379886.0,3825666.0
177,July,IL,Illinois,12587530.0,4935707.0,61406411.0
178,July,IN,Indiana,6754953.0,1682108.0,17110716.0
179,July,KS,Kansas,2913805.0,641215.0,6764953.0
180,July,KY,Kentucky,4477251.0,664049.0,14025085.0
181,July,LA,Louisiana,4645318.0,2634961.0,29158727.0
182,July,MA,Massachusetts,6893574.0,3489987.0,27772851.0
183,July,MD,Maryland,6055802.0,2353771.0,19550805.0
184,July,ME,Maine,1350141.0,111375.0,3970814.0
185,July,MI,Michigan,9966555.0,2458725.0,41368270.0
186,July,MN,Minnesota,5657342.0,1369305.0,23606845.0
187,July,MO,Missouri,6151548.0,976581.0,15410450.0
188,July,MS,Mississippi,2966786.0,1246678.0,10103335.0
189,July,MT,Montana,1080577.0,67549.0,3911573.0
190,July,NC,North Carolina,10600823.0,2844078.0,38238390.0
191,July,ND,North Dakota,765309.0,146492.0,3866562.0
192,July,NE,Nebraska,1937552.0,677299.0,6232664.0
193,July,NH,New Hampshire,1366275.0,189549.0,4117838.0
194,July,NJ,New Jersey,8882371.0,5458305.0,48706482.0
195,July,NM,New Mexico,2106319.0,495682.0,13416601.0
196,July,NV,Nevada,3138259.0,982132.0,10553881.0
197,July,NY,New York,19336776.0,12522993.0,140135533.0
198,July,OH,Ohio,11693217.0,2164746.0,31937310.0
199,July,OK,Oklahoma,3980783.0,715656.0,13692298.0
200,July,OR,Oregon,4241507.0,410322.0,9531640.0
201,July,PA,Pennsylvania,12783254.0,3040433.0,27518621.0
202,July,RI,Rhode Island,1057125.0,548488.0,4956782.0
203,July,SC,South Carolina,5218040.0,1925613.0,14840211.0
204,July,SD,South Dakota,892717.0,238095.0,2712437.0
205,July,TN,Tennessee,6886834.0,2194826.0,33023828.0
206,July,TX,Texas,29360759.0,8860439.0,76217138.0
207,July,UT,Utah,3249879.0,966930.0,12838648.0
208,July,VA,Virginia,8590563.0,2303721.0,24614580.0
209,July,VT,Vermont,623347.0,40825.0,2386400.0
210,July,WA,Washington,7693612.0,1475233.0,26072904.0
211,July,WI,Wisconsin,5832655.0,1329224.0,21813331.0
212,July,WV,West Virginia,1784787.0,141266.0,6786053.0
213,July,WY,Wyoming,582328.0,62742.0,1261597.0
214,June,AK,Alaska,731158.0,20041.0,2367660.0
215,June,AL,Alabama,4921532.0,779845.0,8452439.0
216,June,AR,Arkansas,3030522.0,385174.0,5976213.0
217,June,AZ,Arizona,7421401.0,1232979.0,9639534.0
218,June,CA,California,39368078.0,4646867.0,84388722.0
219,June,CO,Colorado,5807719.0,880530.0,6820414.0
220,June,CT,Connecticut,3557006.0,1344347.0,9542905.0
221,June,DC,District of Columbia,712816.0,290302.0,1789711.0
222,June,DE,Delaware,986809.0,310625.0,2224983.0
223,June,FL,Florida,21733312.0,2472748.0,40925751.0
224,June,GA,Georgia,10710017.0,1787986.0,17354742.0
225,June,HI,Hawaii,1407006.0,22165.0,1846780.0
226,June,IA,Iowa,3163561.0,718690.0,6181861.0
227,June,ID,Idaho,1826913.0,110284.0,1878296.0
228,June,IL,Illinois,12587530.0,3989836.0,33123453.0
229,June,IN,Indiana,6754953.0,1199829.0,9831654.0
230,June,KS,Kansas,2913805.0,345629.0,3770805.0
231,June,KY,Kentucky,4477251.0,378207.0,8474508.0
232,June,LA,Louisiana,4645318.0,1414455.0,14760239.0
233,June,MA,Massachusetts,6893574.0,3152948.0,18544791.0
234,June,MD,Maryland,6055802.0,1833703.0,10938162.0
235,June,ME,Maine,1350141.0,83129.0,2090101.0
236,June,MI,Michigan,9966555.0,1994527.0,23112791.0
237,June,MN,Minnesota,5657342.0,932226.0,12303744.0
238,June,MO,Missouri,6151548.0,493848.0,8021156.0
239,June,MS,Mississippi,2966786.0,600747.0,6294894.0
240,June,MT,Montana,1080577.0,19339.0,1867610.0
241,June,NC,North Carolina,10600823.0,1339674.0,18240294.0
242,June,ND,North Dakota,765309.0,92094.0,2573958.0
243,June,NE,Nebraska,1937552.0,497792.0,3697558.0
244,June,NH,New Hampshire,1366275.0,157564.0,2757622.0
245,June,NJ,New Jersey,8882371.0,4998963.0,28681254.0
246,June,NM,New Mexico,2106319.0,293855.0,7822810.0
247,June,NV,Nevada,3138259.0,356014.0,6077530.0
248,June,NY,New York,19336776.0,11490808.0,79223084.0
249,June,OH,Ohio,11693217.0,1263717.0,16050525.0
250,June,OK,Oklahoma,3980783.0,270267.0,7575990.0
251,June,OR,Oregon,4241507.0,179416.0,5241268.0
252,June,PA,Pennsylvania,12783254.0,2373219.0,15750048.0
253,June,RI,Rhode Island,1057125.0,482363.0,3582509.0
254,June,SC,South Carolina,5218040.0,611936.0,7668142.0
255,June,SD,South Dakota,892717.0,176189.0,1794827.0
256,June,TN,Tennessee,6886834.0,939803.0,17523878.0
257,June,TX,Texas,29360759.0,2902788.0,37850548.0
258,June,UT,Utah,3249879.0,448781.0,7966935.0
259,June,VA,Virginia,8590563.0,1626135.0,12760216.0
260,June,VT,Vermont,623347.0,33306.0,1462396.0
261,June,WA,Washington,7693612.0,852712.0,14759630.0
262,June,WI,Wisconsin,5832655.0,767357.0,12176946.0
263,June,WV,West Virginia,1784787.0,70609.0,3972452.0
264,June,WY,Wyoming,582328.0,33130.0,883306.0
265,March,AK,Alaska,731158.0,661.0,25051.0
266,March,AL,Alabama,4921532.0,220066.0,36150.0
267,March,AR,Arkansas,3030522.0,423350.0,26305.0
268,March,AZ,Arizona,7421401.0,237943.0,64910.0
269,March,CA,California,39368078.0,478847.0,234096.0
270,March,CO,Colorado,5807719.0,1357391.0,111610.0
271,March,CT,Connecticut,3557006.0,281068.0,77369.0
272,March,DC,District of Columbia,712816.0,402988.0,20584.0
273,March,DE,Delaware,986809.0,169655.0,6620.0
274,March,FL,Florida,21733312.0,22777.0,292184.0
275,March,GA,Georgia,10710017.0,35825.0,80515.0
276,March,HI,Hawaii,1407006.0,1044.0,47814.0
277,March,IA,Iowa,3163561.0,37970.0,39395.0
278,March,ID,Idaho,1826913.0,129133.0,31821.0
279,March,IL,Illinois,12587530.0,421958.0,189326.0
280,March,IN,Indiana,6754953.0,7894.0,57233.0
281,March,KS,Kansas,2913805.0,352753.0,31466.0
282,March,KY,Kentucky,4477251.0,170634.0,39812.0
283,March,LA,Louisiana,4645318.0,109205.0,172972.0
284,March,MA,Massachusetts,6893574.0,25633.0,251901.0
285,March,MD,Maryland,6055802.0,115130.0,53950.0
286,March,ME,Maine,1350141.0,166748.0,44976.0
287,March,MI,Michigan,9966555.0,187325.0,147888.0
288,March,MN,Minnesota,5657342.0,178028.0,149462.0
289,March,MO,Missouri,6151548.0,87858.0,53678.0
290,March,MS,Mississippi,2966786.0,327141.0,25208.0
291,March,MT,Montana,1080577.0,14232.0,30579.0
292,March,NC,North Carolina,10600823.0,371071.0,148422.0
293,March,ND,North Dakota,765309.0,602.0,27548.0
294,March,NE,Nebraska,1937552.0,945.0,17659.0
295,March,NH,New Hampshire,1366275.0,789185.0,36107.0
296,March,NJ,New Jersey,8882371.0,73803.0,145370.0
297,March,NM,New Mexico,2106319.0,476767.0,110645.0
298,March,NV,Nevada,3138259.0,219972.0,69632.0
299,March,NY,New York,19336776.0,807955.0,1011424.0
300,March,OH,Ohio,11693217.0,33010.0,141488.0
301,March,OK,Oklahoma,3980783.0,70378.0,12401.0
302,March,OR,Oregon,4241507.0,447636.0,86740.0
303,March,PA,Pennsylvania,12783254.0,231980.0,207027.0
304,March,RI,Rhode Island,1057125.0,257735.0,31510.0
305,March,SC,South Carolina,5218040.0,1254183.0,30358.0
306,March,SD,South Dakota,892717.0,55591.0,24426.0
307,March,TN,Tennessee,6886834.0,95085.0,145171.0
308,March,TX,Texas,29360759.0,274342.0,219051.0
309,March,UT,Utah,3249879.0,221108.0,130820.0
310,March,VA,Virginia,8590563.0,5566.0,79746.0
311,March,VT,Vermont,623347.0,1560.0,29307.0
312,March,WA,Washington,7693612.0,64546.0,930273.0
313,March,WI,Wisconsin,5832655.0,8777.0,135717.0
314,March,WV,West Virginia,1784787.0,201202.0,18083.0
315,March,WY,Wyoming,582328.0,603.0,13138.0
316,May,AK,Alaska,731158.0,12160.0,1056616.0
317,May,AL,Alabama,4921532.0,356718.0,4328674.0
318,May,AR,Arkansas,3030522.0,145016.0,2487946.0
319,May,AZ,Arizona,7421401.0,404821.0,4062774.0
320,May,CA,California,39368078.0,2348693.0,35849088.0
321,May,CO,Colorado,5807719.0,651171.0,3248141.0
322,May,CT,Connecticut,3557006.0,1108483.0,4072840.0
323,May,DC,District of Columbia,712816.0,210484.0,878864.0
324,May,DE,Delaware,986809.0,224650.0,1016432.0
325,May,FL,Florida,21733312.0,1327226.0,19806395.0
326,May,GA,Georgia,10710017.0,1132470.0,9124800.0
327,May,HI,Hawaii,1407006.0,19669.0,1291418.0
328,May,IA,Iowa,3163561.0,427600.0,2606832.0
329,May,ID,Idaho,1826913.0,73291.0,1050370.0
330,May,IL,Illinois,12587530.0,2750036.0,14874373.0
331,May,IN,Indiana,6754953.0,821526.0,4597739.0
332,May,KS,Kansas,2913805.0,231250.0,1714359.0
333,May,KY,Kentucky,4477251.0,220728.0,3707665.0
334,May,LA,Louisiana,4645318.0,1046428.0,7121423.0
335,May,MA,Massachusetts,6893574.0,2547825.0,11225946.0
336,May,MD,Maryland,6055802.0,1152092.0,4955905.0
337,May,ME,Maine,1350141.0,50928.0,880176.0
338,May,MI,Michigan,9966555.0,1750231.0,11092594.0
339,May,MN,Minnesota,5657342.0,534892.0,4737287.0
340,May,MO,Missouri,6151548.0,324627.0,3863710.0
341,May,MS,Mississippi,2966786.0,335386.0,3163203.0
342,May,MT,Montana,1080577.0,14518.0,808776.0
343,May,NC,North Carolina,10600823.0,553768.0,7289883.0
344,May,ND,North Dakota,765309.0,55818.0,1581664.0
345,May,NE,Nebraska,1937552.0,285764.0,1622391.0
346,May,NH,New Hampshire,1366275.0,104325.0,1284155.0
347,May,NJ,New Jersey,8882371.0,4428692.0,10217130.0
348,May,NM,New Mexico,2106319.0,173697.0,3900837.0
349,May,NV,Nevada,3138259.0,207301.0,2357671.0
350,May,NY,New York,19336776.0,10626893.0,33073131.0
351,May,OH,Ohio,11693217.0,829978.0,7089686.0
352,May,OK,Oklahoma,3980783.0,157613.0,3691157.0
353,May,OR,Oregon,4241507.0,106672.0,2740767.0
354,May,PA,Pennsylvania,12783254.0,1856612.0,8420233.0
355,May,RI,Rhode Island,1057125.0,384109.0,2387321.0
356,May,SC,South Carolina,5218040.0,262763.0,3442910.0
357,May,SD,South Dakota,892717.0,116448.0,764846.0
358,May,TN,Tennessee,6886834.0,526741.0,9241487.0
359,May,TX,Texas,29360759.0,1394463.0,18234047.0
360,May,UT,Utah,3249879.0,216156.0,5004386.0
361,May,VA,Virginia,8590563.0,896650.0,4993757.0
362,May,VT,Vermont,623347.0,28900.0,648659.0
363,May,WA,Washington,7693612.0,592019.0,8758198.0
364,May,WI,Wisconsin,5832655.0,423924.0,4439509.0
365,May,WV,West Virginia,1784787.0,46104.0,2201012.0
366,May,WY,Wyoming,582328.0,22461.0,486435.0
367,November,AK,Alaska,731158.0,674674.0,24852718.0
368,November,AL,Alabama,4921532.0,6527268.0,38449982.0
369,November,AR,Arkansas,3030522.0,3983547.0,41840541.0
370,November,AZ,Arizona,7421401.0,8354417.0,51694974.0
371,November,CA,California,39368078.0,30951372.0,602382579.0
372,November,CO,Colorado,5807719.0,4897979.0,39631425.0
373,November,CT,Connecticut,3557006.0,2737116.0,80323009.0
374,November,DC,District of Columbia,712816.0,571247.0,17353099.0
375,November,DE,Delaware,986809.0,873264.0,10641714.0
376,November,FL,Florida,21733312.0,26254684.0,173248469.0
377,November,GA,Georgia,10710017.0,11634479.0,106259154.0
378,November,HI,Hawaii,1407006.0,500389.0,8854590.0
379,November,IA,Iowa,3163561.0,4869062.0,24661387.0
380,November,ID,Idaho,1826913.0,2422984.0,10772023.0
381,November,IL,Illinois,12587530.0,17001897.0,256976354.0
382,November,IN,Indiana,6754953.0,7517061.0,50799797.0
383,November,KS,Kansas,2913805.0,3543266.0,18281397.0
384,November,KY,Kentucky,4477251.0,4152676.0,63902614.0
385,November,LA,Louisiana,4645318.0,6177236.0,85904923.0
386,November,MA,Massachusetts,6893574.0,5645446.0,86001135.0
387,November,MD,Maryland,6055802.0,5020393.0,58873193.0
388,November,ME,Maine,1350141.0,268973.0,22245166.0
389,November,MI,Michigan,9966555.0,8431197.0,164786199.0
390,November,MN,Minnesota,5657342.0,6679293.0,58317632.0
391,November,MO,Missouri,6151548.0,7138973.0,42880284.0
392,November,MS,Mississippi,2966786.0,4026096.0,26743997.0
393,November,MT,Montana,1080577.0,1406711.0,15861965.0
394,November,NC,North Carolina,10600823.0,9398605.0,130562875.0
395,November,ND,North Dakota,765309.0,1869502.0,7813128.0
396,November,NE,Nebraska,1937552.0,2891450.0,17034934.0
397,November,NH,New Hampshire,1366275.0,448130.0,11073700.0
398,November,NJ,New Jersey,8882371.0,8392657.0,151272907.0
399,November,NM,New Mexico,2106319.0,2021955.0,39030707.0
400,November,NV,Nevada,3138259.0,3652987.0,22994842.0
401,November,NY,New York,19336776.0,16880898.0,490344925.0
402,November,OH,Ohio,11693217.0,9028451.0,149445696.0
403,November,OK,Oklahoma,3980783.0,4630976.0,50545538.0
404,November,OR,Oregon,4241507.0,1721271.0,27051670.0
405,November,PA,Pennsylvania,12783254.0,8086506.0,77189806.0
406,November,RI,Rhode Island,1057125.0,1304922.0,13232288.0
407,November,SC,South Carolina,5218040.0,5856901.0,57197734.0
408,November,SD,South Dakota,892717.0,1904522.0,6911926.0
409,November,TN,Tennessee,6886834.0,9290218.0,113718617.0
410,November,TX,Texas,29360759.0,30674029.0,251617608.0
411,November,UT,Utah,3249879.0,4580293.0,31213080.0
412,November,VA,Virginia,8590563.0,6139126.0,83207323.0
413,November,VT,Vermont,623347.0,91680.0,6005456.0
414,November,WA,Washington,7693612.0,3864304.0,77984470.0
415,November,WI,Wisconsin,5832655.0,9757567.0,60120441.0
416,November,WV,West Virginia,1784787.0,1023578.0,27292252.0
417,November,WY,Wyoming,582328.0,678294.0,3870031.0
418,October,AK,Alaska,731158.0,332270.0,15968264.0
419,October,AL,Alabama,4921532.0,5293940.0,33826150.0
420,October,AR,Arkansas,3030522.0,2995642.0,34162601.0
421,October,AZ,Arizona,7421401.0,7113669.0,43030072.0
422,October,CA,California,39368078.0,26667963.0,489801406.0
423,October,CO,Colorado,5807719.0,2600927.0,30522016.0
424,October,CT,Connecticut,3557006.0,1947615.0,58730781.0
425,October,DC,District of Columbia,712816.0,501718.0,13589554.0
426,October,DE,Delaware,986809.0,702220.0,9225331.0
427,October,FL,Florida,21733312.0,22893156.0,153257179.0
428,October,GA,Georgia,10710017.0,10446540.0,90406621.0
429,October,HI,Hawaii,1407006.0,429572.0,9120404.0
430,October,IA,Iowa,3163561.0,3081101.0,22615989.0
431,October,ID,Idaho,1826913.0,1579184.0,9289193.0
432,October,IL,Illinois,12587530.0,10570306.0,195566987.0
433,October,IN,Indiana,6754953.0,4453071.0,43103579.0
434,October,KS,Kansas,2913805.0,2170332.0,15912079.0
435,October,KY,Kentucky,4477251.0,2638039.0,48575411.0
436,October,LA,Louisiana,4645318.0,5485744.0,73754945.0
437,October,MA,Massachusetts,6893574.0,4422653.0,72850109.0
438,October,MD,Maryland,6055802.0,4152025.0,51089586.0
439,October,ME,Maine,1350141.0,182098.0,16228732.0
440,October,MI,Michigan,9966555.0,4940269.0,126581324.0
441,October,MN,Minnesota,5657342.0,3689821.0,47180320.0
442,October,MO,Missouri,6151548.0,4686341.0,39002496.0
443,October,MS,Mississippi,2966786.0,3351488.0,22237884.0
444,October,MT,Montana,1080577.0,663039.0,12427065.0
445,October,NC,North Carolina,10600823.0,7430806.0,102366655.0
446,October,ND,North Dakota,765309.0,947123.0,7322119.0
447,October,NE,Nebraska,1937552.0,1713168.0,14608440.0
448,October,NH,New Hampshire,1366275.0,293924.0,9238975.0
449,October,NJ,New Jersey,8882371.0,6767221.0,120513087.0
450,October,NM,New Mexico,2106319.0,1114501.0,31151407.0
451,October,NV,Nevada,3138259.0,2751087.0,20604052.0
452,October,NY,New York,19336776.0,14891864.0,376733222.0
453,October,OH,Ohio,11693217.0,5529460.0,113034201.0
454,October,OK,Oklahoma,3980783.0,3228654.0,40519159.0
455,October,OR,Oregon,4241507.0,1196417.0,22757267.0
456,October,PA,Pennsylvania,12783254.0,5548871.0,65112691.0
457,October,RI,Rhode Island,1057125.0,867006.0,11201702.0
458,October,SC,South Carolina,5218040.0,4998793.0,43383215.0
459,October,SD,South Dakota,892717.0,984074.0,6015279.0
460,October,TN,Tennessee,6886834.0,6960189.0,95111256.0
461,October,TX,Texas,29360759.0,25244147.0,198046393.0
462,October,UT,Utah,3249879.0,2829102.0,26055743.0
463,October,VA,Virginia,8590563.0,5052758.0,67902403.0
464,October,VT,Vermont,623347.0,59892.0,5372102.0
465,October,WA,Washington,7693612.0,2971226.0,63867357.0
466,October,WI,Wisconsin,5832655.0,5392881.0,50312031.0
467,October,WV,West Virginia,1784787.0,600425.0,20073600.0
468,October,WY,Wyoming,582328.0,271888.0,3318793.0
469,September,AK,Alaska,731158.0,192640.0,12157935.0
470,September,AL,Alabama,4921532.0,4198655.0,27075160.0
471,September,AR,Arkansas,3030522.0,2149957.0,23395836.0
472,September,AZ,Arizona,7421401.0,6303038.0,33734652.0
473,September,CA,California,39368078.0,22750449.0,368017495.0
474,September,CO,Colorado,5807719.0,1883372.0,22316517.0
475,September,CT,Connecticut,3557006.0,1646653.0,39883073.0
476,September,DC,District of Columbia,712816.0,439967.0,9756345.0
477,September,DE,Delaware,986809.0,568858.0,7361513.0
478,September,FL,Florida,21733312.0,19794536.0,129505152.0
479,September,GA,Georgia,10710017.0,8877722.0,70747638.0
480,September,HI,Hawaii,1407006.0,320281.0,7421222.0
481,September,IA,Iowa,3163561.0,2214554.0,18634184.0
482,September,ID,Idaho,1826913.0,1075622.0,7395557.0
483,September,IL,Illinois,12587530.0,7978847.0,137928452.0
484,September,IN,Indiana,6754953.0,3198303.0,34045590.0
485,September,KS,Kansas,2913805.0,1506367.0,12393827.0
486,September,KY,Kentucky,4477251.0,1740471.0,29317291.0
487,September,LA,Louisiana,4645318.0,4759370.0,58289471.0
488,September,MA,Massachusetts,6893574.0,3782110.0,56316043.0
489,September,MD,Maryland,6055802.0,3501904.0,40907223.0
490,September,ME,Maine,1350141.0,147537.0,10282365.0
491,September,MI,Michigan,9966555.0,3737267.0,92525602.0
492,September,MN,Minnesota,5657342.0,2583948.0,35342505.0
493,September,MO,Missouri,6151548.0,3147667.0,31508957.0
494,September,MS,Mississippi,2966786.0,2718436.0,16898757.0
495,September,MT,Montana,1080577.0,287258.0,8500986.0
496,September,NC,North Carolina,10600823.0,5621193.0,74492555.0
497,September,ND,North Dakota,765309.0,486574.0,6164744.0
498,September,NE,Nebraska,1937552.0,1164549.0,11062705.0
499,September,NH,New Hampshire,1366275.0,232015.0,6863716.0
500,September,NJ,New Jersey,8882371.0,5928251.0,91178647.0
501,September,NM,New Mexico,2106319.0,811595.0,24376199.0
502,September,NV,Nevada,3138259.0,2223794.0,17228557.0
503,September,NY,New York,19336776.0,13370264.0,272581541.0
504,September,OH,Ohio,11693217.0,4159568.0,76543619.0
505,September,OK,Oklahoma,3980783.0,2149323.0,28689571.0
506,September,OR,Oregon,4241507.0,892863.0,17741622.0
507,September,PA,Pennsylvania,12783254.0,4374685.0,51169701.0
508,September,RI,Rhode Island,1057125.0,697873.0,8600798.0
509,September,SC,South Carolina,5218040.0,3988252.0,29106160.0
510,September,SD,South Dakota,892717.0,520231.0,4537390.0
511,September,TN,Tennessee,6886834.0,5249660.0,70935382.0
512,September,TX,Texas,29360759.0,20210796.0,145544434.0
513,September,UT,Utah,3249879.0,1808300.0,20131788.0
514,September,VA,Virginia,8590563.0,4042133.0,50421211.0
515,September,VT,Vermont,623347.0,50646.0,4457579.0
516,September,WA,Washington,7693612.0,2406410.0,47558104.0
517,September,WI,Wisconsin,5832655.0,2980500.0,38921030.0
518,September,WV,West Virginia,1784787.0,388898.0,14477169.0
519,September,WY,Wyoming,582328.0,137950.0,2528321.0
